id;first_name;last_name;dob;package;race;pickup_point;bib_number
56;Ερρικος;Τεστερ;;Mylos;Premiuma;Μαραθώνιος Πάρου;
55;Theodoros;Tragoustis;;;Standarda;Μαραθώνιος Πάρου;
53;Eric;Tragoustis;1985-07-12;;Premiuma;Μαραθώνιος Πάρου;
54;Nick;Matsas;1985-08-12;Mylos;Standarda;Μαραθώνιος Πάρου;
40;Theodoros;Tragoustis;;;Standarda;Μαραθώνιος Πάρου;
39;Theodoros;Tragoustis;;Mylos;Premiuma;Μαραθώνιος Πάρου;
38;Theodoros;Tragoustis;;;Premiuma;Μαραθώνιος Πάρου;
37;Theodoros;Tragoustis;;;Premiuma;Μαραθώνιος Πάρου;
36;Theodoros;Tragoustis;;Mylos;Premiuma;Μαραθώνιος Πάρου;
35;Theodoros;Tragoustis;;Mylos;Premiuma;Μαραθώνιος Πάρου;
34;Theodoros;Tragoustis;;;Premiuma;Μαραθώνιος Πάρου;
33;Theodoros;Tragoustis;;;Premiuma;Μαραθώνιος Πάρου;
32;Theodoros;Tragoustis;;Mylos;Premiuma;Μαραθώνιος Πάρου;
31;Theodoros;Tragoustis;;;Premiuma;Μαραθώνιος Πάρου;
30;Theodoros;Tragoustis;;Mylos;Premiuma;Μαραθώνιος Πάρου;
29;Ludmila;Cojocaru;;Mylos;Premiuma;Μαραθώνιος Πάρου;
28;Theodoros;Tragoustis;;Mylos;Premiuma;Μαραθώνιος Πάρου;
27;Theodoros;Tragoustis;;;Premiuma;Μαραθώνιος Πάρου;
26;Theodoros;Tragoustis;;Mylos;Premiuma;Μαραθώνιος Πάρου;
25;Theodoros;Tragoustis;;;Premiuma;Μαραθώνιος Πάρου;
24;Theodoros;Tragoustis;;;Premiuma;Μαραθώνιος Πάρου;
23;Theodoros;Tragoustis;;;Premiuma;Μαραθώνιος Πάρου;
22;Theodoros;Tragoustis;;Mylos;Premiuma;Μαραθώνιος Πάρου;
21;Theodoros;Tragoustis;;;Standarda;Μαραθώνιος Πάρου;
20;Theodoros;Tragoustis;;;Premiuma;Μαραθώνιος Πάρου;
19;Theodoros;Tragoustis;;;Premiuma;Μαραθώνιος Πάρου;
18;Theodoros;Tragoustis;;;Standarda;Μαραθώνιος Πάρου;
17;Theodoros;Tragoustis;;;Standarda;Μαραθώνιος Πάρου;
16;Theodoros;Tragoustis;;;Premiuma;Μαραθώνιος Πάρου;
15;Theodoros;Tragoustis;;;Premiuma;Μαραθώνιος Πάρου;
14;Theodoros;Tragoustis;;;Premiuma;Μαραθώνιος Πάρου;
13;Theodoros;Tragoustis;;;Premiuma;Μαραθώνιος Πάρου;
12;Theodoros;Tragoustis;;;Premiuma;Μαραθώνιος Πάρου;
11;Theodoros;Tragoustis;;;Premiuma;Μαραθώνιος Πάρου;
10;Theodoros;Tragoustis;;Mylos;Premiuma;Μαραθώνιος Πάρου;
9;Ludmila;Cojocaru;;;Premiuma;Μαραθώνιος Πάρου;
8;Ludmila;Cojocaru;;;Premiuma;Μαραθώνιος Πάρου;
7;Theodoros;Tragoustis;;;Premiuma;Μαραθώνιος Πάρου;
6;Theodoros;Tragoustis;;;Premiuma;Μαραθώνιος Πάρου;
5;Theodoros;Tragoustis;;;Premiuma;Μαραθώνιος Πάρου;
4;Theodoros;Tragoustis;;Mylos;Premiuma;Μαραθώνιος Πάρου;
3;Theodoros;Tragoustis;;;Standarda;Μαραθώνιος Πάρου;
2;Theodoros;Tragoustis;;Mylos;Premiuma;Μαραθώνιος Πάρου;
1;Theodoros;Tragoustis;;;Standarda;Μαραθώνιος Πάρου;
